English,Sanskrit,,
I,अहम्,,
me,माम्,,
you,त्वम्,,
go,गच्छ,,
went,अगच्छत्,,
he,सः,,
she,सा,,
it,तत्,,
we,वयम्,,
they,ते,,
this,एतत्,,
that,तत्,,
who,कः,,
what,किम्,,
where,कुत्र,,
when,कदा,,
why,किमर्थम्,,
how,कथम्,,
which,कतमः,,
come,आगच्छ,,
sit,उपविश,,
stand,तिष्ठ,,
speak,वद,,
listen,शृणु,,
eat,अश,,
drink,पिब,,
sleep,स्वप,,
walk,चर,,
run,धाव,,
help,सहायम् कर,,
please,कृपया,,
thank you,धन्यवादः,,
sorry,क्षम्यताम्,,
yes,आम्,,
no,न,,
do,कुरु,,
doing,करोति,,
done,कृतम्,,
think,मन्ये,,
thinking,चिन्तयति,,
thought,चिन्तितम्,,
give,ददातु,,
giving,ददाति,,
given,दत्तम्,,
read,पठ,,
reading,पठति,,
read (past),पठितम्,,
write,लिख,,
writing,लिखति,,
written,लिखितम्,,
see,पश्य,,
seeing,पश्यति,,
seen,दृष्टम्,,
learn,जानीयात्,,
learning,जानाति,,
learned,ज्ञातम्,,
good,सुखम्,,
bad,दुःखम्,,
right,सम्यक्,,
wrong,असम्यक्,,
big,महत्,,
small,अल्पम्,,
long,दीर्घम्,,
short,ह्रस्वम्,,
hot,उष्णम्,,
cold,शीतम्,,
fast,शीघ्रम्,,
slow,मन्दम्,,
near,समीपम्,,
far,दूरम्,,
old,वृद्धम्,,
young,युवा,,
happy,प्रसन्नम्,,
sad,दुःखितम्,,
rich,धनिकम्,,
poor,दरिद्रम्,,
full,पूर्णम्,,
empty,शून्यम्,,
heavy,गुरु,,
light,लघु,,
hard,कठोरम्,,
soft,मृदु,,
round,वृत्ताकारः,,
square,चतुर्मुखः,,
sharp,तीक्ष्णम्,,
dull,मन्दम्,,
deep,गम्भीरम्,,
shallow,अगम्भीरम्,,
clean,शुद्धम्,,
dirty,अशुचिः,,
dry,शुष्कम्,,
wet,आर्द्रम्,,
strong,बलवान्,,
weak,दुर्बल,,
healthy,स्वस्थम्,,
sick,अस्वस्थम्,,
awake,जागरणम्,,
asleep,निद्रावस्था,,
beautiful,सुन्दरम्,,
ugly,विकृतम्,,
easy,सुलभम्,,
difficult,दुष्करम्,,
loud,उच्चस्वरम्,,
quiet,निःशब्दम्,,
tall,उन्नतम्,,
short (height),अवनतम्,,
straight,सरलम्,,
curved,वक्रम्,,
narrow,संकीर्णम्,,
wide,विस्तीर्णम्,,
smooth,स्निग्धम्,,
rough,खरम्,,
colorful,वर्णधर्मी,,
colorless,निर्वर्णम्,,
sweet,मधुरम्,,
sour,आम्लम्,,
bitter,तिक्तम्,,
salty,लवणम्,,
spicy,कटु,,
fresh,नूतनम्,,
stale,पुराणम्,,
day,दिवा,,
night,रात्रि,,
morning,प्रातः,,
afternoon,अपराह्णः,,
evening,सायं,,
midnight,मध्यरात्रि,,
today,अद्य,,
tomorrow,श्वः,,
yesterday,ह्यस्ति,,
week,सप्ताहः,,
month,मासः,,
year,वर्षम्,,
spring,वसन्तः,,
summer,ग्रीष्मः,,
autumn,शरदः,,
winter,हेमन्तः,,
north,उत्तरः,,
south,दक्षिणः,,
east,पूर्वः,,
west,पश्चिमः,,
up,उर्ध्वम्,,
down,अधः,,
left,वामः,,
right,दक्षिणः,,
above,उपरि,,
below,अधः,,
inside,अन्तः,,
outside,बहिः,,
near,समीपे,,
far,दूरे,,
beginning,आरम्भः,,
end,अन्तः,,
friend,मित्रम्,,
enemy,शत्रुः,,
peace,शान्तिः,,
war,युद्धम्,,
truth,सत्यम्,,
lie,असत्यम्,,
knowledge,ज्ञानम्,,
ignorance,अज्ञानम्,,
freedom,स्वतन्त्रता,,
slavery,दासत्वम्,,
love,प्रेम,,
hate,द्वेषः,,
joy,हर्षः,,
sorrow,शोकः,,
birth,जन्म,,
death,मृत्युः,,
marriage,विवाहः,,
divorce,विपरिणामः,,
parent,जनकः,,
child,शिशुः,,
brother,भ्राता,,
sister,भगिनी,,
husband,पतिः,,
wife,पत्नी,,
man,नरः,,
woman,नारी,,
boy,बालः,,
girl,बालिका,,
teacher,आचार्यः,,
student,छात्रः,,
leader,नेता,,
follower,अनुयायी,,
worker,श्रमिकः,,
employer,नियोक्ता,,
employee,कर्मचारी,,
job,कार्यम्,,
work,कार्यम्,,
business,व्यापारः,,
trade,वाणिज्यम्,,
money,धनम्,,
riches,ऐश्वर्यम्,,
poverty,दारिद्र्यम्,,
bank,बैंकः,,
market,अपणम्,,
shop,अपणि,,
shopping,आपणि,,
price,मूल्यम्,,
cost,व्ययः,,
value,मूल्यवत्,,
quality,गुणवत्ता,,
quantity,परिमाणम्,,
success,सफलता,,
failure,असफलता,,
win,विजयः,,
lose,पराजयः,,
competition,प्रतियोगिता,,
prize,पुरस्कारः,,
award,पुरस्कारः,,
goal,लक्ष्यम्,,
achievement,उपलब्धिः,,
skill,कौशलम्,,
talent,प्रतिभा,,
wisdom,प्रज्ञा,,
intelligence,बुद्धि,,
experience,अनुभवः,,
education,विद्या,,
lesson,पाठः,,
school,विद्यालयः,,
college,महाविद्यालयः,,
university,विश्वविद्यालयः,,
book,पुस्तकम्,,
library,पुस्तकालयः,,
language,भाषा,,
word,पदम्,,
sentence,वाक्यम्,,
grammar,व्याकरणम्,,
story,कथा,,
poem,काव्यम्,,
novel,उपन्यासः,,
fiction,कल्पितकथा,,
non-fiction,यथार्थवृत्तान्तः,,
drama,नाटकम्,,
comedy,हास्यम्,,
tragedy,त्रासदः,,
hero,वीरः,,
heroine,वीरङ्गना,,
villain,दुष्टात्मा,,
protagonist,मुख्यपात्रम्,,
antagonist,प्रतिपक्षी,,
setting,परिवेशः,,
plot,कथासारः,,
character,पात्रम्,,
dialogue,संवादः,,
conflict,संघर्षः,,
resolution,समाधानम्,,
theme,विषयः,,
author,लेखकः,,
poet,कविः,,
playwright,नाटककारः,,
critic,समालोचकः,,
review,समीक्षा,,
genre,विधा,,
fictional,कल्पित,,
realistic,यथार्थवादी,,
fantasy,कल्पना,,
mystery,रहस्यम्,,
adventure,साहसिक,,
science fiction,वैज्ञानिककथा,,
romance,प्रेमकथा,,
thriller,रोमाञ्चकथा,,
biography,जीवनी,,
autobiography,आत्मकथा,,
history,इतिहासः,,
philosophy,दर्शनम्,,
religion,धर्मः,,
mythology,पुराणविद्या,,
art,कला,,
music,संगीतम्,,
dance,नृत्यम्,,
painting,चित्रकला,,
sculpture,शिल्पकला,,
architecture,वास्तुकला,,
photography,छायाचित्रणम्,,
film,चलच्चित्रम्,,
theatre,नाट्यशाला,,
festival,उत्सवः,,
ceremony,कार्यक्रमः,,
ritual,विधि,,
tradition,परम्परा,,
culture,संस्कृतिः,,
custom,आचारः,,
belief,विश्वासः,,
faith,श्रद्धा,,
prayer,प्रार्थना,,
meditation,ध्यानम्,,
yoga,योगः,,
spirituality,आध्यात्मिकता,,
god,ईश्वरः,,
goddess,देवी,,
deity,देवता,,
temple,मन्दिरम्,,
church,गिर्जाघरम्,,
mosque,मस्जिद्,,
synagogue,यहूदीमन्दिरम्,,
monastery,मठः,,
priest,पुजारी,,
monk,भिक्षुः,,
nun,भिक्षुणी,,
saint,संतः,,
prophet,प्रवक्ता,,
scripture,शास्त्रम्,,
holy,पवित्रम्,,
sacred,पुण्यम्,,
blessing,आशीर्वादः,,
sin,पापम्,,
forgiveness,क्षमा,,
karma,कर्म,,
reincarnation,पुनर्जन्म,,
enlightenment,बोधि,,
salvation,मोक्षः,,
heaven,स्वर्गः,,
hell,नरकः,,
angel,देवदूतः,,
demon,असुरः,,
myth,कल्पितकथा,,
legend,आख्यानम्,,
fable,उपाख्यानम्,,
moral,नीतिः,,
parable,दृष्टान्तः,,
proverb,सूक्तिः,,
riddle,प्रहेलिका,,
earth,पृथ्वी,,
water,जलम्,,
fire,अग्निः,,
air,वायुः,,
sky,आकाशः,,
sun,सूर्यः,,
moon,चन्द्रमा,,
star,तारा,,
planet,ग्रहः,,
universe,ब्रह्माण्डः,,
mountain,पर्वतः,,
river,नदी,,
lake,सरोवरः,,
ocean,समुद्रः,,
sea,समुद्रः,,
forest,वनम्,,
tree,वृक्षः,,
flower,पुष्पम्,,
fruit,फलम्,,
leaf,पर्णम्,,
animal,पशु,,
bird,पक्षिणः,,
fish,मत्स्यः,,
insect,कीटः,,
reptile,सरीसृपः,,
mammal,स्तन्यपायी,,
human,मानवः,,
man,पुरुषः,,
woman,स्त्री,,
child,बालः,,
family,कुटुम्बः,,
mother,माता,,
father,पिता,,
sister,स्वसा,,
brother,भ्राता,,
son,पुत्रः,,
daughter,दुहिता,,
wife,पत्नी,,
husband,पतिः,,
friend,मित्रम्,,
enemy,शत्रुः,,
love,प्रेमः,,
hate,द्वेषः,,
peace,शान्तिः,,
war,युद्धम्,,
food,आहारः,,
drink,पानम्,,
eat,खाद्,,
drink,पिबति,,
cook,पक्षि,,
bake,भव्यति,,
boil,उष्णतया पक्ति,,
fry,तलति,,
roast,भस्मीभवति,,
grill,सुदाम्यति,,
stir,अनुक्षिपति,,
mix,मिशति,,
chop,भङ्गुरतया करोति,,
cut,कृणाति,,
peel,छिनति,,
slice,विभाजति,,
spice,मसालाः,,
salt,लवणम्,,
sweet,मधुरः,,
sour,अम्लः,,
bitter,तिक्तः,,
spicy,तीक्ष्णः,,
savory,सारस्वतः,,
tasty,स्वादु,,
yummy,मधुरमिव,,
delicious,रसिक,,
healthy,आरोग्यदायी,,
nutritious,पुष्टिकरः,,
fresh,ताजः,,
ripe,पक्वः,,
raw,अज्ञः,,
cooked,पक्तः,,
fried,तलितः,,
grilled,सुदाम्यतः,,
roasted,भस्मीभवितः,,
seasoned,मसालाभिपूरितः,,
vegetable,तरकारी,,
fruit,फलम्,,
meat,मांसम्,,
chicken,कुक्कुटम्,,
beef,गोमांसम्,,
pork,सुकरम्,,
lamb,अश्विनः,,
fish,मत्स्यः,,
seafood,समुद्रजन्तुः,,
house,गृहम्,,
home,आवासः,,
apartment,अपार्टमेन्टः,,
room,कक्षः,,
bedroom,शयनकक्षः,,
living room,आवासकक्षः,,
kitchen,पाकशाला,,
bathroom,स्नानकक्षः,,
toilet,शौचालयम्,,
basement,अधोगृहः,,
attic,शिखरालयः,,
roof,छत्तः,,
wall,भित्तिः,,
door,द्वारम्,,
window,विहारः,,
floor,भूमिः,,
ceiling,छत्तः,,
furniture,फुर्नीचरम्,,
table,टेबलम्,,
chair,आसनम्,,
sofa,सोफा,,
bed,शय्या,,
wardrobe,अलमारी,,
cabinet,अलमारी,,
bookshelf,पुस्तकगृहः,,
lamp,दीपकः,,
rug,आवरणम्,,
curtain,पर्दा,,
mirror,आभासः,,
painting,चित्रम्,,
decor,अलंकारः,,
heating,उष्णतासाधनम्,,
cooling,तापमानकटूतिः,,
air conditioning,वातानुकूलनम्,,
cleaning,सफाई,,
organizing,व्यवस्थापनम्,,
repair,मरम्मतम्,,
maintenance,रखरखावः,,
security,सुरक्षा,,
clock,घटिका,,
watch,घटकः,,
calendar,पञ्चाङ्गम्,,
schedule,व्यवस्था,,
appointment,अवधिः,,
meeting,सभा,,
conference,सम्मेलनम्,,
presentation,प्रदर्शनम्,,
lecture,व्याख्यानम्,,
class,वर्गः,,
lesson,उपदेशः,,
homework,गृहकार्यम्,,
assignment,अभियोजनम्,,
exam,परीक्षा,,
test,जांचः,,
grade,श्रेणी,,
score,अंकः,,
certificate,प्रमाणपत्रम्,,
diploma,पदवी,,
degree,उपाधि,,
job,कार्यम्,,
work,कर्म,,
career,व्यवसायः,,
salary,वेतनम्,,
promotion,उन्नयनम्,,
retirement,सेवानिवृत्ति,,
hiring,नियुक्ति,,
firing,बच्चावश्यम्,,
resignation,त्यागपत्रम्,,
interview,साक्षात्कारः,,
resume,जीवनवृत्तान्तः,,
cover letter,आवेदनपत्रम्,,
networking,जालसम्बन्धः,,
colleague,सहकर्ता,,
boss,उपस्थापकः,,
employee,कर्मचारी,,
entrepreneur,उद्यमी,,
company,कम्पनी,,
business,व्यापारः,,
client,ग्राहकः,,
customer,उपभोक्ता,,
money,धनम्,,
cash,नगदः,,
credit card,क्रेडिटकार्डः,,
debit card,डेबिटकार्डः,,
bank,बैंकः,,
account,खाता,,
savings,बचतखाता,,
checking,चेकिंगखाता,,
investment,निवेशः,,
loan,ऋणम्,,
interest,ब्याजः,,
mortgage,गृहवित्तऋणम्,,
insurance,विमा,,
tax,करम्,,
salary,वेतनम्,,
bonus,बोनसः,,
commission,कमीशनः,,
profit,लाभः,,
loss,हानिः,,
stock,स्टॉकः,,
bond,बाँड़ः,,
real estate,अचलसम्पत्तिः,,
property,सम्पत्तिः,,
rent,किराया,,
lease,पट्टः,,
mortgage,गृहवित्तऋणम्,,
asset,सम्पत्तिः,,
liability,देयता,,
equity,संपत्तिशेषः,,
dividend,भागफलम्,,
shareholder,सहधारकः,,
board of directors,बोर्डः,,
CEO,मुख्यकार्यकारी,,
CFO,वित्तधिकारी,,
employee,कर्मचारी,,
human resources,मानवसंसाधनः,,
marketing,विपणी,,
sales,विक्रयः,,
customer service,ग्राहकसेवा,,
product,उत्पादः,,
brand,ब्राण्डः,,
promotion,प्रचारः,,
advertisement,विज्ञापनम्,,
medicine,औषधम्,,
doctor,वैद्यः,,
nurse,दवास्ताध्यक्षः,,
hospital,अस्पतालम्,,
clinic,चिकित्सालयः,,
dentist,दन्तचिकित्सकः,,
pharmacist,औषधग्राहकः,,
prescription,औषधविधिः,,
diagnosis,रोगानुमानम्,,
symptom,लक्षणम्,,
disease,रोगः,,
infection,संक्रमणम्,,
illness,व्याधिः,,
pain,दुःखः,,
fever,ज्वरः,,
cold,शीतज्वरः,,
flu,फ्लू,,
cough,कासः,,
sore throat,गलग्रहणम्,,
allergy,अलर्जी,,
asthma,दमः,,
heart attack,हृदयघातः,,
stroke,दौर्बल्यम्,,
diabetes,मधुमेहः,,
cancer,अर्बुदः,,
treatment,चिकित्सा,,
therapy,चिकित्सापद्धतिः,,
medication,औषधम्,,
vaccine,टीका,,
surgery,शल्यचिकित्सा,,
operation,शल्यचिकित्सा,,
recovery,उपचारपूर्णता,,
healthcare,स्वास्थ्यसेवा,,
wellness,स्वस्थता,,
fitness,फिटनेस्,,
nutrition,पोषणम्,,
diet,आहारः,,
exercise,व्यायामः,,
yoga,योगः,,
meditation,ध्यानम्,,
transportation,यातायातः,,
vehicle,वाहनम्,,
car,गाड़ी,,
truck,ट्रकः,,
bus,बस्सः,,
train,रेल्वे,,
subway,उपनगरमयस्त्रः,,
taxi,टैक्सी,,
motorcycle,मोटरसाइकिलः,,
bicycle,वेलोचक्रः,,
scooter,स्कूटरः,,
helicopter,हेलिकॉप्टरः,,
airplane,विमानः,,
boat,नावा,,
ship,पोतः,,
ferry,फेरी,,
cruise,जहाजयात्रा,,
ticket,टिकटः,,
fare,किराया,,
reservation,आरक्षणम्,,
boarding pass,बोर्डिंगपासः,,
luggage,सामानम्,,
suitcase,सूटकेसः,,
backpack,बैकपैकः,,
carry-on,हस्तावहनम्,,
passport,पासपोर्टः,,
visa,वीजा,,
customs,आयातनिरीक्षणम्,,
immigration,प्रवासनविभागः,,
security,सुरक्षा,,
boarding,बोर्डिंगः,,
takeoff,आरोहणम्,,
landing,अवरोहणम्,,
delay,विलंबः,,
cancellation,रद्दीकरणम्,,
connection,संपर्कः,,
schedule,विवरणम्,,
reservation,आरक्षणम्,,
weather,वातावरणम्,,
temperature,तापमानः,,
humidity,नमनम्,,
precipitation,वर्षणम्,,
rain,वर्षः,,
snow,हिमः,,
sleet,हिमजलम्,,
hail,हैलः,,
fog,धूम्रम्,,
mist,आबः,,
cloud,आवरणम्,,
sun,अदितिः,,
moon,चन्द्रः,,
star,तारा,,
sky,आकाशः,,
wind,वायुः,,
storm,तूफानः,,
hurricane,हड़ताल,,
tornado,टॉर्नाडो,,
earthquake,भूकम्पः,,
flood,बाढ़,,
drought,खड़क,,
fire,अग्निः,,
ice,बर्फ़्,,
avalanche,हिमस्खलनः,,
thunder,वज्रन्यः,,
lightning,वैद्युतः,,
haze,धुंधलापनम्,,
smog,धूमकेतुः,,
pollution,प्रदूषणम्,,
ozone,ओजोनः,,
carbon dioxide,कार्बन डाईऑक्साइड,,
climate change,जलवायु परिवर्तनः,,
global warming,वैश्विकतापवृद्धि,,
natural disaster,प्राकृतिक आपदा,,
environment,पर्यावरणम्,,
conservation,संरक्षणम्,,
recycling,पुनर्चक्रणम्,,
renewable energy,नवीकरणीय ऊर्जा,,
sustainability,समर्थनम्,,
government,सरकारः,,
politics,राजनीतिः,,
democracy,लोकतन्त्रः,,
dictatorship,तंत्राधिपत्यम्,,
monarchy,राजवंशशासनम्,,
republic,गणराज्यम्,,
election,चुनावः,,
voting,मतदानम्,,
ballot,बैलटः,,
candidate,उम्मीदवारः,,
party,पक्षः,,
government official,सरकारीकर्मचारी,,
minister,मंत्री,,
president,राष्ट्रपतिः,,
vice president,उपराष्ट्रपतिः,,
senator,सीनेटरः,,
congressman,कांग्रेससदस्यः,,
representative,प्रतिनिधिः,,
mayor,महापौरः,,
governor,राज्यपालः,,
diplomacy,कूटनीतिः,,
embassy,दूतावासः,,
foreign policy,परदेशनीतिः,,
international relations,अन्तर्राष्ट्रीय संबंध,,
treaty,संधिः,,
peace,शान्ति,,
war,युद्धः,,
military,सैन्यव्यवस्था,,
army,सेना,,
navy,नौसेना,,
air force,वायुसेना,,
terrorism,आतंकवादः,,
intelligence,खुफिया जानकारी,,
surveillance,अवलोकनम्,,
security,सुरक्षा,,
justice,न्यायः,,
law,कानूनः,,
crime,अपराधः,,
police,पुलिसः,,
court,न्यायालयः,,
judge,न्यायाधीशः,,
education,शिक्षा,,
school,विद्यालयः,,
teacher,शिक्षकः,,
student,छात्रः,,
classroom,विद्याकक्षम्,,
lesson,पाठः,,
homework,घरकामः,,
assignment,अभ्यासपत्रम्,,
exam,परीक्षा,,
test,परीक्षणम्,,
grade,श्रेणी,,
degree,डिग्री,,
diploma,डिप्लोमा,,
certificate,प्रमाणपत्रम्,,
university,विश्वविद्यालयः,,
college,कॉलेजः,,
major,मुख्यविषयः,,
minor,उपविषयः,,
tuition,शिक्षणशुल्कः,,
scholarship,छात्रवृत्ति,,
financial aid,आर्थिक सहायता,,
student loan,छात्र ऋणः,,
textbook,पाठ्यपुस्तकः,,
lecture,व्याख्यानम्,,
research,अनुसन्धानम्,,
thesis,थीसिस्,,
dissertation,डिसर्टेशन्,,
essay,निबन्धः,,
paper,पत्रम्,,
presentation,प्रदर्शनम्,,
project,परियोजना,,
group work,समूह कार्य,,
classmate,वर्गसमीक्षकः,,
professor,प्राध्यापकः,,
department,विभागः,,
academic,विद्यार्थी,,
degree program,डिग्री कार्यक्रमः,,
enrollment,नामांकनम्,,
car,रथः,,
bus,बसः,,
train,रेलः,,
airplane,विमानः,,
bicycle,साइकिलः,,
motorcycle,मोटरसाइकिलः,,
boat,नौका,,
ship,पोतः,,
beach,समुद्रतटः,,
mountain,पर्वतः,,
river,नदी,,
lake,सरित्सरः,,
forest,वनम्,,
jungle,अरण्यम्,,
desert,मरुद्धेशः,,
sky,आकाशः,,
cloud,मेघः,,
rain,वर्षा,,
sun,सूर्यः,,
moon,चन्द्रः,,
star,तारा,,
planet,ग्रहः,,
galaxy,तारामण्डलम्,,
universe,ब्रह्माण्डः,,
gravity,गुरुत्वाकर्षणम्,,
magnetism,चुम्बकत्वम्,,
electricity,विद्युत्,,
power,शक्तिः,,
energy,ऊर्जा,,
force,बलम्,,
momentum,गतिशक्तिः,,
mass,भारः,,
velocity,वेगः,,
acceleration,त्वरणम्,,
distance,दूरम्,,
speed,गतिः,,
time,कालः,,
clock,घटिका,,
calendar,पञ्चाङ्गम्,,
week,सप्ताहः,,
month,मासः,,
year,वर्षः,,
history,इतिहासः,,
future,भविष्यः,,
and,च,,
or,वा,,
not,न,,
but,किन्तु,,
if,यदि,,
then,तदा,,
because,किंतु,,
although,तथापि,,
however,तथापि,,
instead,तु,,
besides,अतिरिक्तम्,,
moreover,अधिकं,,
furthermore,अतः तस्मात्,,
likewise,तथैव,,
similarly,तथा,,
opposite,विपरीत,,
together,समम्,,
separate,विभक्तम्,,
between,मध्ये,,
among,मध्ये,,
with,सह,,
without,विना,,
for,लिए,,
against,विरुद्ध,,
father,पिता,,
mother,माता,,
grandfather,पितामहः,,
grandmother,मातामही,,
son,पुत्रः,,
daughter,पुत्री,,
brother,भ्राता,,
sister,भगिनी,,
husband,पति,,
wife,पत्नी,,
nephew,भान्जः,,
niece,भान्जी,,
son-in-law,जमाई,,
daughter-in-law,बहू,,
stepfather,सूतजः,,
stepmother,सूता,,
half-brother,अर्धभ्राता,,
half-sister,अर्धभगिनी,,
twin brother,जामाता,,
twin sister,सहोदरी,,
godfather,गोदान,,
godmother,गोदानी,,
adopted son,दत्तपुत्रः,,
adopted daughter,दत्तपुत्री,,
family,परिवारः,,
doctor,वैद्यः,,
medicine,औषधम्,,
hospital,आशुगृहः,,
nurse,नर्सः,,
sick,रोगी,,
health,स्वास्थ्यम्,,
exercise,व्यायामः,,
yoga,योगः,,
meditation,ध्यानः,,
relaxation,शान्तिः,,
stress,तनावः,,
anxiety,उत्सुकता,,
depression,अवसादः,,
happiness,सुखम्,,
sadness,दुःखम्,,
anger,क्रोधः,,
love,प्रेमः,,
friendship,मित्रता,,
marriage,विवाहः,,
divorce,तलाकः,,
children,सन्तानाः,,
mother,माता,,
father,पिता,,
sister,सहोदरी,,
brother,सहोदरः,,
grandmother,पितामही,,
grandfather,पितामहः,,
pet,पशुः,,
dog,श्वः,,
cat,बिल्ली,,
fish,मत्स्यः,,
bird,पक्षिः,,
horse,अश्वः,,
cow,गावः,,
sheep,भेडः,,
chicken,कुक्कुटः,,
insect,कीटः,,
flower,पुष्पम्,,
tree,वृक्षः,,
grass,घासः,,
fruit,फलम्,,
vegetable,शाकः,,
rice,चावलम्,,
bread,रोटिः,,
salt,लवणम्,,
sugar,चूर्णम्,,
spice,मसाला,,
oil,तैलम्,,
butter,घृतम्,,
cheese,पनीरम्,,
egg,अण्डम्,,
chocolate,चॉकलेटम्,,
coffee,कॉफ़ी,,
tea,चायम्,,
water,जलम्,,
juice,रसम्,,
a,एकः,,
able,समर्थः,,
about,उपलब्धम्,,
above,उपरिष्टात्,,
accept,स्वीकृतम्,,
account,लेखः,,
across,पारितः,,
act,क्रिया,,
add,योजयति,,
address,पत्रम्,,
administration,शासनम्,,
admit,प्रतिज्ञातम्,,
adult,वयस्कः,,
advantage,अवधिः,,
adventure,साहसम्,,
advertise,प्रचार्यते,,
affair,कार्यम्,,
after,अन्ते,,
again,पुनः,,
against,विरुद्धम्,,
age,वयः,,
agency,एजेंसी,,
agent,एजेंट्,,
ago,पूर्वम्,,
agree,सहमतिः,,
ahead,अग्रे,,
aid,सहाय्यम्,,
aim,उद्देशः,,
air,वायुः,,
alarm,अलार्म्,,
album,एल्बम्,,
alive,जीवितः,,
all,सर्वम्,,
allow,अनुमतम्,,
almost,लघुतरम्,,
alone,एकः,,
along,सह,,
already,पूर्वम्,,
also,अपि,,
although,अथवा,,
always,सदैव,,
amazing,अद्भुतम्,,
among,मध्ये,,
amount,अधिकम्,,
analysis,विश्लेषणम्,,
ancient,प्राचीनम्,,
and,च,,
anger,कोपः,,
angle,कोणः,,
animal,पशुः,,
announce,घोषयति,,
annual,वार्षिकम्,,
another,अन्यः,,
answer,उत्तरम्,,
anxiety,उद्वेगः,,
any,किंचिद्,,
apart,विशिष्टम्,,
apartment,आवासः,,
app,अनुप्रयोगः,,
apparent,प्रत्यक्षम्,,
appeal,प्रार्थना,,
appear,प्रकटम्,,
application,अनुप्रयोगः,,
apply,लगायते,,
appoint,नियुक्तम्,,
appointment,नियुक्तिः,,
approach,आगमः,,
a,एकः,,
abandon,त्यजति,,
ability,शक्तिः,,
able,समर्थः,,
about,विषये,,
above,उपरि,,
abroad,विदेशे,,
absence,अनुपस्थितिः,,
absent,अनुपस्थितः,,
absolute,परमम्,,
accept,स्वीकरोति,,
access,प्रवेशः,,
accident,दुर्घटना,,
accompany,सहचरितवान्,,
accomplish,सिद्धम्,,
according,अनुसारेण,,
account,खाता,,
accurate,यथार्थः,,
accuse,अभियोजयति,,
achieve,लभते,,
acid,अम्लम्,,
acknowledge,स्वीकृतम्,,
acquire,प्राप्नोति,,
across,तटः,,
act,करोति,,
action,क्रिया,,
active,क्रियाशीलः,,
activity,चेष्टा,,
actor,अभिनेता,,
actress,नाट्यशालिनी,,
actual,वास्तविकः,,
actually,वास्तवेन,,
adapt,अनुकूलम्,,
add,योजयति,,
addition,अधिकम्,,
address,पत्रावली,,
adequate,पर्याप्तः,,
adjust,समायोजयति,,
administration,प्रशासनम्,,
admire,प्रशंसति,,
admission,प्रवेशः,,
admit,स्वीकरोति,,
adopt,गृह्णाति,,
adult,वयस्कः,,
advance,अग्रसरः,,
advantage,लाभः,,
adventure,साहसम्,,
advertise,विज्ञापयति,,
advice,सलाहा,,
advise,सलिल्लिहति,,
affair,विषयः,,
affect,प्रभावितम्,,
afford,समर्थः,,
afraid,भयभीतः,,
after,पश्चात्,,
afternoon,अपराह्नः,,
again,पुनः,,
against,विरुद्ध,,
age,वयः,,
agency,एजेंसी,,
agent,प्रतिनिधिः,,
aggressive,आक्रामकः,,
ago,पूर,,
beach,समुद्रतटः,,
bear,भरि,,
beat,दण्डयति,,
beautiful,सुन्दरः,,
because,किंतु,,
bed,शयनस्थानम्,,
bedroom,शयनगृहः,,
beer,बियरः,,
before,पूर्वम्,,
begin,आरम्भयति,,
behind,पश्चात्,,
belief,विश्वासः,,
believe,विश्वसति,,
bell,घंटा,,
belly,उदरम्,,
belong,सम्बद्धः,,
below,तलातले,,
belt,पट्टः,,
bench,पीठः,,
bend,वक्रः,,
benefit,लाभः,,
beside,उपस्थितः,,
between,मध्ये,,
beyond,परम्,,
bicycle,साइकिलः,,
bid,बोली,,
big,विशालः,,
bill,बिल्लः,,
bird,पक्षी,,
birth,जननम्,,
birthday,जन्मदिनम्,,
bit,बिट्,,
bite,चिरति,,
black,कृष्णः,,
blade,ब्लेडः,,
blame,दोषं ददाति,,
blank,शून्यः,,
bleed,रक्तस्यवाहम्,,
blend,मिश्रयति,,
bless,आशीर्वदति,,
blind,अंधः,,
block,खण्डः,,
blood,रक्तम्,,
blow,फूट्,,
blue,नीलः,,
board,बोर्डः,,
boat,नौका,,
body,शरीरम्,,
boil,उष्णीकरोति,,
bomb,बम्,,
bone,अस्थिः,,
book,पुस्तकम्,,
boot,बूटः,,
border,सीमा,,
born,जातः,,
borrow,ऋणं गृह्णाति,,
boss,नियंता,,
both,उभयम्,,
bother,पीडयति,,
bottle,बोतलम्,,
bottom,तलम्,,
bounce,उछालयति,,
bow,नमस्कारः,,
bowl,पात्रः,,
box,बक्सः,,
boy,बालकः,,
brain,मस्तिष्कम्,,
branch,शाखा,,
beach,समुद्रतटः,,
beautiful,सुन्दरः,,
bed,शयनस्थानम्,,
bee,मधुकरः,,
before,पूर्वम्,,
begin,प्रारम्भयति,,
behind,परे,,
believe,विश्वसति,,
bell,घंटा,,
below,अधः,,
beside,परस्तात्,,
best,श्रेष्ठः,,
better,उत्तमः,,
between,मध्ये,,
beyond,तत्त्वात्,,
big,बड़ा,,
bill,बिल,,
bird,पक्षी,,
birth,जन्मः,,
birthday,जन्मदिनम्,,
bit,बिट्,,
bite,कट्टम्,,
black,कृष्णः,,
blame,दोषः,,
blanket,रजई,,
bleed,रक्तस्रावयति,,
block,खण्डः,,
blood,रक्तः,,
blow,वायुप्रवाहः,,
blue,नीलः,,
board,बोर्ड,,
boat,नौका,,
body,शरीरम्,,
boil,उबलति,,
bone,अस्थि,,
book,पुस्तकम्,,
border,सीमा,,
born,जनितः,,
borrow,ऋणं गृह्णाति,,
boss,नियंता,,
both,उभौ,,
bother,अपयशः,,
bottle,बोतलः,,
bottom,अधःशब्दः,,
bowl,कटोरः,,
box,डिब्बा,,
boy,बालकः,,
brain,मस्तिष्कम्,,
branch,शाखा,,
brave,वीरः,,
bread,रोटी,,
break,भङ्गम्,,
breakfast,नाश्ता,,
breath,श्वासः,,
bridge,पुल,,
bright,प्रकाशमानः,,
bring,आनयति,,
broad,विस्तृतः,,
brother,भ्राता,,
brown,कपिशः,,
brush,ब्रष्टिः,,
bucket,बाल्टी,,
build,निर्माणम्,,
building,भवनम्,,
bullet,गोलः,,
burn,दहति,,
bus,बसः,,
business,व्यवसायः,,
busy,व्यस्तः,,
but,किन,,
behavior,आचरणम्,,
believe,विश्वसति,,
bell,घन्टा,,
belong,सम्बद्धम्,,
below,अधः,,
belt,कटीसूत्रम्,,
bench,बेंचः,,
bend,वक्रम्,,
benefit,लाभः,,
beside,परस्परम्,,
best,श्रेष्ठम्,,
bet,शर्तः,,
better,उत्तमम्,,
between,मध्ये,,
beyond,परे,,
bike,बाईकः,,
bill,बिल्लम्,,
biology,जीवविज्ञानम्,,
bird,पक्षी,,
birth,जन्मः,,
birthday,जन्मदिनम्,,
bit,भागः,,
bite,जहाति,,
black,कृष्णम्,,
blade,अस्त्रम्,,
blame,दोषः,,
blanket,रजयः,,
bleed,रक्तस्यति,,
bless,आशीर्वदयति,,
blind,अन्धः,,
block,अवरोधः,,
blood,रक्तम्,,
blow,प्रक्षिप्तम्,,
blue,नीलम्,,
board,बोर्डः,,
boat,नौका,,
body,शरीरम्,,
bomb,बम्,,
bone,अस्थिः,,
book,पुस्तकम्,,
border,सीमा,,
born,जनितः,,
borrow,ऋणम्,,
boss,प्रभुः,,
both,उभयम्,,
bother,त्रासयति,,
bottle,बोतलम्,,
bottom,तलम्,,
bowl,भण्डः,,
box,पेटिका,,
boy,बालकः,,
brain,मस्तिष्कम्,,
branch,शाखा,,
brave,वीरः,,
bread,रोटिका,,
break,भङ्गम्,,
breakfast,निष्ठावनम्,,
breath,प्राणः,,
bridge,पुलम्,,
brief,संक्षेपः,,
bright,उज्ज्वलम्,,
bring,आनयति,,
broad,विस्तीर्णम्,,
brother,भ्राता,,
brown,कपोतवर्णम्,,
brush,मालिका,,
bucket,बालटः,,
build,निर्माणम्,,
cable,केबलः,,
cactus,वृक्षः,,
cafeteria,भोजनालयः,,
cake,पाकम्,,
calculate,गणनायते,,
calculator,गणकः,,
calendar,पंचाङ्गम्,,
call,वदति,,
calm,शान्तः,,
camera,छायाचित्रकम्,,
camp,शिबिरः,,
campaign,अभियानः,,
can,तिनः,,
cancel,रद्दयति,,
cancer,कर्कटः,,
candidate,उम्मीदवारः,,
candle,दीपः,,
candy,मिष्ठानि,,
capital,राजधानी,,
captain,नायकः,,
capture,अधिगृह्णाति,,
car,रथः,,
card,कार्डः,,
care,दयालुता,,
career,पेशा,,
careful,सतर्कः,,
carpet,दरी,,
carry,वहति,,
cart,रथः,,
case,प्रकरणम्,,
cash,नगद्,,
cast,प्रस्तुतिः,,
castle,किला,,
cat,बिल्लः,,
catalog,पुस्तिका,,
catch,प्राप्तम्,,
category,श्रेणी,,
cause,कारणम्,,
celebrate,उत्सवमनयति,,
celebrity,प्रसिद्धः,,
cell,कोशः,,
center,केन्द्रम्,,
central,केन्द्रीयः,,
century,शतकम्,,
ceremony,उत्सवः,,
certain,निश्चितः,,
chain,शृंखला,,
chair,आसनम्,,
challenge,चुनौती,,
champion,विजयी,,
chance,अवसरः,,
change,परिवर्तयति,,
channel,चैनलः,,
chapter,अध्यायः,,
character,व्यक्तित्वम्,,
charge,शुल्कम्,,
charity,दानम्,,
chart,तालिका,,
chase,पीछा कर्तुम्,,
cheap,सस्तः,,
check,जांचति,,
cheek,कर्णयुगलम्,,
cheese,पनीयम्,,
chef,रसोइया,,
chemical,रासायनिकः,,
Dance,नृत्यम्,,
Dark,अंधकारः,,
Date,तिथिः,,
Daughter,कन्या,,
Day,दिनम्,,
Dead,मृतः,,
Deal,समझौता,,
Death,मृत्युः,,
Debate,वाद-विवादम्,,
Debt,कर्जः,,
Decade,दशकम्,,
Decide,निर्णयम्,,
Decision,निर्णयः,,
Declare,घोषयति,,
Decline,अपवृद्धिः,,
Decorate,सज्जयति,,
Decoration,अलंकारः,,
Decrease,घटनम्,,
Deep,गहनः,,
Defeat,पराभवम्,,
Defend,रक्षितुम्,,
Defense,रक्षणम्,,
Deficiency,अभावः,,
Deficit,घाटः,,
Define,परिभाषयति,,
Definition,परिभाषा,,
Degree,डिग्री,,
Delay,विलंबः,,
Delete,मिथ्यात्वाय नष्टम् करोति,,
Deliver,पहुँचाति,,
Delivery,पहुँचः,,
Demand,माँगः,,
Democracy,लोकतन्त्रः,,
Demonstrate,प्रदर्शयति,,
Dentist,दन्तचिकित्सकः,,
Depend,निर्भरः,,
Deposit,जमा करना,,
Depression,अवसादः,,
Depth,गहनता,,
Derive,उत्पादितम्,,
Describe,वर्णयति,,
Description,वर्णनम्,,
Desert,रेगिस्तान्,,
Design,डिजाइन्,,
Desire,इच्छा,,
Desk,मेजः,,
Destroy,नष्टम् करोति,,
Destruction,विनाशः,,
Detail,विवरणम्,,
Detect,खोजति,,
Determine,निर्धारयति,,
Develop,विकसितम्,,
Development,विकासः,,
Device,यन्त्रम्,,
Devote,समर्पयति,,
Devotion,भक्तिः,,
Dial,घड़ी,,
Diamond,हीरा,,
Diary,दैनिकः पत्रिका,,
Dictate,नियम,,
dance,नृत्यम्,,
danger,खतरा,,
dark,अंधकारः,,
data,डेटा,,
date,तिथिः,,
daughter,कन्या,,
day,दिनम्,,
dead,मृतः,,
deal,समझौता,,
death,मृत्युः,,
debate,बहस्,,
debt,ऋणम्,,
decide,निर्णयः करोति,,
decision,निर्णयः,,
declare,घोषयति,,
decline,पतनम्,,
decorate,अलंकरोति,,
decrease,क्षीणताम्,,
deep,गहनः,,
defeat,पराजयः,,
defend,रक्षितुम्,,
definite,निश्चितः,,
degree,डिग्री,,
delay,विलम्बः,,
deliver,वहति,,
demand,आवश्यकता,,
department,विभागः,,
depend,आधारितम्,,
deposit,निधिः,,
describe,वर्णयति,,
design,डिज़ाइन,,
desire,इच्छा,,
desk,मेज़,,
destroy,नष्टम्,,
detail,विवरणम्,,
develop,विकसितम्,,
device,यन्त्रम्,,
diagram,आलोचनाचित्रम्,,
diamond,हीरा,,
dictionary,शब्दकोशः,,
die,मरति,,
diet,आहारः,,
difference,अंतरम्,,
different,विभिन्नम्,,
difficult,कठिनम्,,
dig,खनति,,
dimension,आयामः,,
dinner,रात्रिभोजनम्,,
direct,प्रत्यक्षम्,,
direction,दिशा,,
director,निर्देशकः,,
dirt,कीटः,,
dirty,मलिनम्,,
disagree,असहमतम्,,
disappear,लुप्तम्,,
disaster,आपदा,,
discipline,अनुशासनम्,,
discount,छूट,,
discover,खोजति,,
discuss,चर्चा करोति,,
discussion,चर्चा,,
disease,रोगः,,
dish,भोजनान्नम्,,
dismiss,निष्कस्तम्,,
display,प्रदर्शनम्,,
distance,दूरम्,,
distribute,वितरति,,
wealthy,धनवान्,,
religion,धर्मः,,
stream,धारा,,
smoke,धुना,,
incense,धूपः,,
determination,धृति,,
sound,ध्वनि,,
city,नगरम्,,
river,नदी,,
name,नाम,,
homeless,निराश्रयः,,
build,निर्माणम्,,
solution,निर्याणम्,,
decision,निर्वाचनम्,,
traveler,पथिकः,,
foot/step,पदम्,,
ultimate,परम्,,
introduction,परिचयः,,
cleaning,परिष्कारः,,
hard work,परिश्रमः,,
vessel/container,पात्रम्,,
sin,पापः,,
traditional,पारम्परिकम्,,
light,प्रकाशः,,
process,प्रक्रिया,,
promise,प्रतिज्ञा,,
reputation,प्रतिष्ठा,,
direct/perceptible,प्रत्यक्षम्,,
circumambulation,प्रदक्षिणम्,,
exhibition,प्रदर्शनम्,,
main,प्रधानम्,,
influence/effect,प्रभावः,,
dominance,प्रभुत्वम्,,
life breath,प्राणः,,
breath control,प्राणायामः,,
attainment,प्राप्ति,,
fruit,फलम्,,
respect,बहुमानः,,
strong,बलवान्,,
friend,बन्धुः,,
bond,बन्धनम्,,
sacrifice,बलिदानम्,,
young,बल्लवः,,
God,भगवान्,,
devotee,भक्तः,,
share/part,भागः,,
India,भारतः,,
speech,भाषणम्,,
alms/begging,भिक्षा,,
arm,भुजम्,,
earth,भूमिः,,
honey,मधु,,
middle,मध्यम्,,
mediator,मध्यस्थः,,
mantra,मन्त्रः,,
temple,मन्दिरम्,,
importance,महत्वम्,,
great soul,महात्मा,,
sacrifice,यज्ञः,,
journey,यात्रा,,
battle,युद्धम्,,
union,योगः,,
king,राजा,,
kingdom,राज्यम्,,
ruling,राज्यभारः,,
form,रूपम्,,
great soul,महात्मा,,
sacrifice,यज्ञः,,
journey,यात्रा,,
battle,युद्धम्,,
union,योगः,,
king,राजा,,
kingdom,राज्यम्,,
ruling,राज्यभारः,,
form,रूपम्,,
goddess of wealth,लक्ष्मी,,
written,लिखितम्,,
play,लीला,,
sentence,वाक्यम्,,
thought,विचारः,,
knowledge,विद्या,,
procedure,विधानम्,,
director,विधायकः,,
rule,विधिः,,
without,विना,,
opposite,विपरीत,,
division,विभागः,,
airplane,विमानः,,
adjective,विशेषणम्,,
special,विशेषः,,
rest,विश्रामः,,
subject,विषयः,,
expansion,विस्तारः,,
speed,वेगः,,
Veda,वेदः,,
platform,वेदिका,,
doctor,वैद्यः,,
medicine,वैद्यम्,,
April/May,वैशाखः,,
merchant,वैस्यः,,
arrangement,व्यवस्था,,
explanation,व्याख्यानम्,,
exercise,व्यायामः,,
power,शक्तिः,,
word,शब्दः,,
dictionary,शब्दकोशः,,
noun,शब्दवाच्यम्,,
meaning of a word,शब्दार्थः,,
refuge,शरणम्,,
body,शरीरम्,,
branch,शाखा,,
government,शासनम्,,
science,शास्त्रम्,,
summit,शिखरः,,
teacher,शिक्षकः,,
education,शिक्षणम्,,
baby,शिशुः,,
cold,शीतः,,
Friday,शुक्रवारः,,
pure,शुद्धम्,,
dry,शुष्कम्,,
romantic love,शृङ्गारः,,
listen,शृण्वन्ति,,
remaining,शेषः,,
rest,शेषम्,,
beauty,शोभा,,
drying,शोषणम्,,
number,संख्या,,
name,संज्ञा,,
balance,संतुलनम्,,
beginning,आरम्भः,,
behavior,आचरणम्,,
behind,पश्चात्,,
belief,विश्वासः,,
believe,विश्वसति,,
bell,घंटा,,
belong,सम्बद्धः,,
below,अधः,,
belt,कट्टरम्,,
bench,पीठम्,,
bend,मोचनम्,,
beneath,अधः,,
benefit,लाभः,,
beside,परस्परः,,
best,श्रेष्ठः,,
bet,सट्टा,,
better,श्रेष्ठम्,,
between,मध्ये,,
beyond,परे,,
bicycle,साइकिलः,,
big,बृहद्,,
bill,बिल्ल्,,
biology,जीवशास्त्रम्,,
bird,पक्षी,,
birth,जन्मः,,
birthday,जन्मदिनम्,,
bite,दंषणम्,,
black,कृष्णः,,
blade,शस्त्रम्,,
blame,दोषः,,
blanket,रजाई,,
bleed,रक्तपातः,,
bless,आशीर्वदः,,
blind,अन्धः,,
block,खण्डः,,
blood,रक्तम्,,
blow,वायुः,,
blue,नीलः,,
board,बोर्डः,,
boat,नौका,,
body,शरीरम्,,
boil,उब्बुकः,,
bomb,बम्,,
bone,अस्थि,,
book,पुस्तकम्,,
border,सीमा,,
born,जातः,,
borrow,ऋणम्,,
boss,मालिकः,,
both,उभौ,,
bother,विकल्पः,,
bottle,शिशी,,
bottom,अधः,,
boundary,सीमा,,
bowl,भण्डः,,
box,पेटिका,,
boy,बालकः,,
brain,मस्तिष्कम्,,
branch,शाखा,,
brand,ब्राण्डः,,
bread,रोटिका,,
break,भङ्गः,,
breakfast,प्रातःकालिकम्,,
breath,श्वासः,,
breathe,श्वसति,,
brick,इटः,,
bridge,पुलम्,,
brief,संक्ष,,
